Signal,Fan-in
_0202_,3
_1846_,4
_1868_,3
_1869_,2
_0203_,2
_1870_,2
_1871_,7
_1872_,7
_0204_,5
_1873_,5
_1848_,7
_0197_,5
_1849_,4
_1851_,4
_1874_,4
net91,2
net112,2
net183,2
_1774_,7
_1747_,7
net147,2
_1877_,2
_1875_,1
_1794_,7
_1876_,1
_1773_,7
_0207_,2
_1139_,7
_1144_,7
_1878_,2
_1879_,4
_1730_,7
_1880_,7
_1856_,5
_1857_,5
_1860_,4
_1881_,3
_1882_,3
_0208_,3
_1883_,2
_1884_,2
_0881_,7
_0201_,5
_1862_,5
_1866_,4
_1885_,3
_1886_,2
_1887_,5
_0209_,4
_1845_,2
_1788_,5
_1888_,3
_1889_,2
_1890_,7
_0211_,5
_1891_,4
_1892_,2
_0212_,2
net92,2
net113,2
net184,2
_1297_,7
net149,2
_1895_,2
_1893_,1
_1894_,1
_0214_,2
_1896_,3
_1813_,5
_1863_,2
_1897_,2
_0884_,4
_1898_,2
_1865_,2
_1811_,5
_1899_,4
_0215_,3
_1900_,2
_1901_,2
_1902_,3
_1903_,5
_1904_,3
_1805_,6
_1838_,5
_1905_,2
_1750_,2
_1906_,7
_1651_,4
_1907_,2
_1859_,3
_1801_,6
_1908_,3
_1138_,7
_1910_,2
_1909_,2
_1911_,2
_1912_,3
_0216_,3
net264,2
_1913_,3
net265,2
_1914_,2
_0217_,2
net309,2
_1915_,2
_1916_,3
_1828_,4
_1917_,2
_1829_,5
_1850_,4
_1825_,4
_1918_,2
net310,2
_1919_,3
_0218_,3
_0815_,7
_1920_,2
_1921_,2
_1922_,3
net315,3
net93,2
net114,2
net185,2
_1232_,7
net150,2
_1925_,2
_1923_,1
_1924_,1
_1230_,7
_0221_,2
_1776_,3
_1802_,7
_1926_,3
_1137_,7
_1141_,7
_1928_,2
_1927_,2
_1929_,2
_1930_,3
_0870_,5
_1931_,4
_0222_,3
_1932_,2
_1933_,2
_1934_,3
_1935_,5
_0223_,4
net263,4
_1936_,5
_1937_,3
_1938_,3
_0225_,3
_0814_,7
_1940_,2
_1941_,2
_1942_,3
_1939_,2
_0226_,2
net94,2
net116,2
net186,2
net151,2
_1945_,2
_1943_,1
_1226_,7
_1944_,1
_0228_,2
_1834_,7
_1946_,4
_1803_,3
_1836_,7
_1947_,4
_1948_,3
_0855_,5
_0229_,4
_1949_,4
_0878_,4
_1950_,4
_1951_,5
_0230_,3
_1952_,3
_1953_,2
_0231_,2
_1954_,2
_1955_,7
_0232_,4
_1956_,4
_1957_,3
_1958_,3
net281,3
net187,2
net152,2
_1961_,2
_1233_,7
_1225_,3
net117,2
_1962_,2
_1959_,1
_1231_,7
_1960_,1
_1010_,3
_0235_,3
_1964_,3
_1963_,2
_1965_,5
_1855_,4
_1967_,3
_1966_,2
_1968_,3
_0236_,4
_1969_,1
_0237_,2
_1971_,4
_0238_,3
_1972_,3
_1970_,2
_0239_,2
_1361_,5
_1235_,4
_1973_,4
_1241_,5
_1974_,2
_1975_,5
_1237_,4
_1976_,5
_1364_,6
_1255_,2
_1977_,3
_1978_,2
_1979_,3
_1253_,5
_0241_,4
_1980_,3
_1264_,7
_0243_,4
_1981_,4
_0842_,7
_0848_,7
_1411_,3
_1289_,4
_1982_,4
_1256_,7
_1983_,4
_1984_,3
_1269_,5
_0245_,3
_1985_,2
_1986_,4
_0246_,2
_1987_,4
_0247_,3
_1169_,7
_1988_,2
_1989_,2
_1990_,3
_0248_,2
_0847_,7
_1415_,6
_1313_,4
_1991_,4
_1992_,4
_1993_,3
_1286_,5
_0249_,3
_1994_,2
_1995_,4
_0250_,2
_1262_,4
_1996_,3
_0251_,3
_1168_,7
_1998_,2
_1999_,2
_2000_,3
_1997_,2
_0252_,2
_2001_,6
_1435_,4
_0841_,7
_2002_,5
_1315_,4
_2003_,6
_2004_,3
_1310_,5
_0253_,3
_2005_,2
_2006_,4
_0254_,2
_1280_,4
_2007_,4
_1348_,7
_0255_,5
_2008_,4
_2009_,2
_2010_,2
_0256_,2
_1458_,4
_2011_,3
_0840_,7
_2012_,3
_2013_,5
_2014_,3
_2015_,3
_1334_,5
_0257_,3
_2016_,2
_2017_,4
_0258_,2
_0259_,3
_1167_,7
_2018_,2
_2019_,2
_2020_,4
_2021_,3
_0260_,2
_1478_,5
_2022_,5
_2023_,5
_1316_,7
_2024_,1
_2025_,3
_2026_,4
_2027_,3
_1358_,5
_0261_,3
_2028_,2
_2029_,4
_0262_,2
_1236_,5
_2030_,2
_2031_,4
_1376_,7
_0263_,5
_2032_,4
_2033_,2
_2034_,2
_0264_,2
_1509_,3
_0839_,7
_2035_,5
_1412_,7
_2036_,4
_1365_,7
_2037_,3
_2038_,3
_1383_,5
_0265_,3
_2039_,2
_2040_,5
_0266_,2
_0267_,3
_1164_,7
_2041_,2
_2042_,2
_2043_,4
_2044_,3
_0268_,2
_2045_,3
_2046_,2
_2047_,2
_2048_,7
_1535_,6
_2049_,5
_2050_,6
_1408_,5
_2051_,2
_0269_,3
_2052_,3
_2053_,2
_0270_,2
_1372_,7
_2054_,2
_2055_,4
_1427_,7
_0271_,5
_2056_,4
_2057_,3
_2058_,2
_0272_,2
_0846_,7
_1560_,4
_2059_,3
_2060_,3
_2061_,5
_1416_,7
_2062_,3
_2063_,3
_1433_,5
_0273_,4
_2064_,4
_1523_,7
_0275_,6
_2065_,2
_2066_,4
_2067_,4
_0276_,2
_1583_,4
_2068_,5
_1459_,7
_2069_,5
_2070_,1
_2071_,3
_2072_,4
_1455_,5
_2073_,2
_2074_,4
_2075_,4
_0278_,2
_0279_,4
_1444_,7
_1161_,7
_2076_,2
_2077_,5
_2078_,4
_0280_,2
_1619_,5
_2079_,5
_2080_,4
_2081_,3
_2082_,3
_1475_,5
_0281_,3
_2083_,2
_2084_,6
_0282_,2
_1492_,7
_0283_,5
_2085_,5
_2086_,3
_0284_,2
_1641_,4
_0832_,7
_2087_,5
_1510_,7
_2088_,6
_2089_,3
_2090_,3
_1479_,7
_2091_,2
_2092_,3
_2093_,5
_2094_,3
_1505_,4
_0285_,4
_2095_,2
_2096_,2
_0286_,2
_0287_,4
_1160_,7
_2097_,2
_1486_,7
_2098_,6
_2099_,2
_2100_,3
_2101_,2
_2102_,2
_2103_,2
_2104_,3
_2105_,4
_1666_,4
_1436_,7
_2106_,3
_0831_,7
_2107_,3
_2108_,5
_2109_,3
_2110_,3
_1532_,5
_0289_,4
_2111_,2
_2112_,3
_1397_,6
_0291_,4
_2113_,3
_2114_,5
_2115_,3
_0292_,2
_1685_,5
_2116_,5
_1561_,7
_2117_,5
_2118_,1
_2119_,3
_2120_,4
_1556_,5
_2121_,2
_2122_,4
_2123_,4
_0294_,2
_0295_,4
_1155_,7
_2124_,3
_1542_,7
_2125_,5
_1157_,7
_2126_,2
_2127_,3
_1714_,3
_0825_,7
_2128_,3
_2129_,2
_2130_,2
_2131_,4
_2132_,3
_2133_,3
_1579_,5
_0297_,3
_2134_,2
_2135_,6
_0298_,2
_0299_,3
_1154_,7
_2136_,3
_1445_,4
_2137_,4
_2138_,2
_0300_,2
_2139_,3
_2140_,3
_2141_,2
_2142_,2
_2143_,6
_1741_,6
_2144_,5
_2145_,6
_1607_,5
_2146_,2
_0301_,4
_2147_,2
_2148_,2
_0302_,2
_2151_,2
_2152_,1
_2153_,2
_2154_,2
_2155_,2
_2149_,1
_2150_,1
_2156_,5
_1632_,7
_0303_,5
_2158_,4
_2157_,2
_2159_,2
_0304_,2
_0835_,7
_1766_,4
_2160_,3
_2161_,3
_2162_,5
_1620_,7
_2163_,3
_2164_,3
_1638_,5
_0305_,4
_2165_,2
_2166_,3
_1728_,7
_0307_,6
_2167_,2
_2168_,4
_2169_,4
_0308_,2
_1790_,4
_0834_,7
_2170_,5
_1667_,7
_2171_,5
_2172_,1
_2173_,3
_2174_,4
_1663_,5
_2175_,2
_2176_,4
_2177_,4
_0310_,2
_0311_,4
_1650_,7
_1152_,7
_2178_,2
_2179_,5
_2180_,4
_0312_,2
_1826_,3
_0833_,7
_2181_,5
_2182_,4
_2183_,3
_2184_,3
_1682_,5
_0313_,3
_2185_,2
_2186_,4
_0314_,2
_1698_,7
_0315_,5
_2187_,5
_2188_,3
_0316_,2
_1847_,2
_0817_,7
_2189_,5
_1715_,7
_2190_,6
_2191_,3
_2192_,3
_1686_,7
_2193_,2
_2194_,3
_2195_,5
_2196_,3
_1710_,5
_0317_,3
_2197_,2
_2198_,4
_0318_,2
_0319_,4
_1147_,7
_2199_,2
_1692_,7
_2200_,6
_2201_,2
_2202_,3
_2203_,2
_1487_,4
_2204_,2
_2205_,2
_2206_,3
_2207_,4
_1642_,7
_2208_,3
_2209_,3
_2210_,5
_2211_,3
_2212_,3
_1738_,5
_0321_,3
_2213_,2
_2214_,4
_0322_,2
_1595_,6
_0323_,4
_2215_,3
_2216_,5
_2217_,3
_0324_,2
_0816_,7
_2218_,5
_1767_,7
_2219_,5
_2220_,1
_2221_,3
_2222_,4
_1762_,5
_2223_,2
_2224_,4
net308,2
_0326_,2
_0327_,4
_1145_,7
_2226_,3
_1749_,7
_2227_,5
_1146_,7
_2228_,2
_2229_,3
_2230_,3
_2231_,2
_2232_,2
_2233_,4
_2234_,3
_2235_,3
_1787_,5
_0329_,4
_2225_,2
net307,2
net304,2
_0331_,3
_2237_,3
_2238_,4
_2239_,2
_0332_,2
_2240_,3
_2241_,3
_2242_,2
_2243_,2
_2244_,6
_2245_,5
_1827_,7
_2246_,6
_2247_,3
_1815_,5
_0333_,4
net305,2
_2248_,2
net306,2
_2249_,2
_0334_,2
_2252_,2
_2253_,1
_2254_,2
_2255_,2
_2256_,2
_2250_,1
_2251_,1
_0335_,3
_2258_,4
_2259_,5
_2257_,4
_0824_,7
_2260_,3
_2261_,3
_2262_,5
_2263_,3
_2264_,3
_1844_,5
_0337_,4
_2236_,5
_2265_,2
_2266_,4
_0339_,5
_2267_,4
_2268_,4
_2269_,4
_0340_,2
_0823_,7
_2270_,5
_2271_,5
_2272_,1
_2273_,3
_2274_,4
_2275_,3
_1867_,5
_0341_,3
_2276_,3
_2277_,2
_0342_,2
_0343_,5
_2278_,5
_2279_,4
_0822_,7
_2280_,2
_2281_,4
_2282_,3
_2283_,3
_0345_,4
_2284_,3
_0347_,5
_2285_,4
_2286_,2
_0348_,2
_2287_,3
_2288_,2
_2289_,2
_2290_,3
_2292_,2
_2291_,2
_2293_,2
_2294_,3
_0349_,3
net285,3
_2295_,3
_2296_,2
_0350_,2
_2297_,2
_2298_,3
_2299_,2
_2300_,2
_2301_,4
_0351_,3
_2302_,2
_2303_,2
_2304_,3
_2305_,3
_2307_,2
_2306_,2
_2308_,2
_2309_,3
_0353_,4
net284,3
_2310_,5
_2311_,3
_0355_,3
_2313_,2
_2314_,2
_2315_,3
_2312_,2
_0356_,2
_2316_,4
_2317_,4
_2318_,3
_0357_,3
_2319_,3
_2320_,2
_0358_,2
_0359_,4
_2321_,4
_2322_,4
_2324_,3
_2323_,2
_2325_,3
_0361_,4
_2326_,1
_0362_,2
_0363_,3
_2328_,3
_2327_,2
_0364_,2
_0774_,5
_0786_,7
_0777_,7
_0773_,7
_2329_,3
_0771_,7
_0778_,4
_0780_,6
_2330_,2
modereg,3
_0797_,5
_0781_,4
_2331_,2
_2339_,2
_2332_,2
_0779_,7
_0367_,36
_0369_,4
_0796_,6
_2333_,2
_2334_,2
_2335_,1
while_flag,2
_0791_,3
_2336_,2
_1191_,4
_2337_,2
_2340_,2
_0792_,2
_0366_,33
_2341_,2
_0770_,7
_0776_,4
_2338_,2
_0800_,4
_2342_,2
_0789_,3
_2343_,2
_0813_,7
_0595_,2
_0772_,3
_0775_,5
_0782_,4
_0783_,2
_0785_,2
_0787_,2
_0368_,35
_0790_,5
_0784_,2
_0788_,3
_0793_,2
_0794_,4
_0795_,3
_0798_,3
_0799_,2
_0801_,4
_0802_,4
_0803_,3
_0804_,1
_0805_,6
_0806_,7
_0807_,7
_0808_,4
_0809_,7
_0810_,7
net252,2
_0769_,2
net194,2
_0811_,4
_0812_,7
_0594_,7
net251,2
_0768_,2
_0593_,2
net249,2
_0767_,2
_0592_,2
net248,2
_0766_,2
_0591_,2
net247,2
_0765_,2
_0590_,2
net246,2
_0764_,2
_0589_,2
_0818_,7
_0819_,7
net245,2
_0763_,2
_0820_,7
_0821_,7
_0588_,2
net244,2
_0762_,2
_0587_,2
net243,2
_0761_,2
_0586_,2
net242,2
_0760_,2
_0585_,2
net241,2
_0759_,2
_0584_,2
net240,2
_0758_,2
_0583_,2
_0826_,7
_0827_,7
_0828_,7
_0829_,7
net238,2
_0757_,2
_0830_,7
_0582_,2
net237,2
_0756_,2
_0581_,2
net236,2
_0755_,2
_0580_,2
net235,2
_0754_,2
_0579_,2
net234,2
_0753_,2
_0578_,2
net233,2
_0752_,2
_0577_,2
_0836_,7
_0837_,7
net232,2
_0751_,2
_0838_,7
_0576_,2
net231,2
_0750_,2
_0575_,2
net230,2
_0749_,2
_0574_,2
net229,2
_0748_,2
_0573_,2
net259,2
_0747_,2
_0572_,2
net258,2
_0746_,2
_0571_,2
_0843_,7
_0844_,7
net257,2
_0745_,2
_0845_,7
_0570_,2
net256,2
_0744_,2
_0569_,2
net255,2
_0743_,2
_0568_,2
net254,2
_0742_,2
_0567_,2
net253,2
_0741_,2
_0566_,2
net250,2
_0740_,2
_0565_,2
_0849_,7
_0850_,7
net239,2
_0739_,2
_0851_,7
_0564_,2
net228,2
_0738_,2
_0563_,2
_0001_,2
_0737_,2
_0562_,2
_0852_,7
_0000_,2
_0736_,2
_0561_,2
_0853_,7
_0854_,7
_0856_,5
_0857_,7
_0858_,7
_0859_,7
_0860_,7
_0861_,7
_0862_,3
_0863_,7
_0864_,7
_0865_,4
_0866_,5
_0867_,5
_0868_,7
_0869_,7
_0871_,7
_0872_,7
_0873_,7
_0874_,7
_0875_,7
_0876_,7
_0877_,4
_0879_,4
_0880_,2
_0882_,3
_0885_,3
_0887_,2
_0889_,7
_0888_,3
_0891_,2
_0892_,7
_0893_,4
_0894_,2
_0895_,4
_0896_,3
_0897_,2
_0898_,5
_0899_,3
_0900_,3
_0901_,2
_0902_,3
_0903_,3
_0904_,3
_0907_,7
_0908_,7
_0906_,3
_0909_,3
_0905_,2
_0910_,2
_0911_,3
_0912_,3
_0913_,2
_0914_,7
_0915_,3
_0917_,3
_0918_,3
_0920_,2
_0921_,7
_0922_,5
_0923_,5
_0924_,4
_0925_,3
_0916_,4
_0919_,3
_0926_,3
_0927_,2
_0928_,7
_0929_,3
_0931_,3
_0932_,3
_0934_,3
_0935_,7
_0936_,4
_0937_,4
_0938_,4
_0939_,3
_0930_,4
_0933_,3
_0940_,3
_0941_,6
_0942_,3
_0943_,3
_0945_,7
_0946_,2
_0947_,5
_0948_,2
_0949_,7
_0950_,5
_0951_,2
_0952_,7
_0953_,4
_0954_,3
_0944_,3
_0955_,3
_0956_,3
_0957_,7
_0958_,5
_0959_,4
_0960_,4
_0962_,3
_0963_,7
_0964_,4
_0965_,3
_0966_,4
_0971_,6
_0973_,3
_0972_,6
_0974_,3
_0975_,2
_0969_,5
_0970_,2
_0976_,2
_0977_,4
_0967_,5
_0968_,2
_0978_,3
_0979_,3
_0981_,3
_0982_,2
_0980_,1
_0983_,2
_0961_,2
_0984_,1
_0985_,4
_0987_,2
_0989_,2
_0988_,2
_0990_,3
_0991_,3
_0992_,2
_0993_,2
_0986_,4
_0994_,7
_0995_,7
_0996_,3
_0997_,3
_0998_,2
_0999_,3
_1000_,7
_1001_,2
_1002_,2
_1003_,5
_0883_,4
_0886_,3
_1004_,2
_0890_,2
_1005_,4
_1006_,2
_1007_,4
_1008_,3
_1011_,7
_1012_,3
_1014_,2
_1015_,7
_1016_,7
_1009_,1
_1013_,1
_1017_,2
_0735_,2
_0560_,2
_1018_,7
_1019_,7
_1021_,7
_1022_,7
_1020_,1
_0734_,2
_0559_,2
_1023_,7
_1024_,3
_1025_,2
_1026_,1
_1027_,1
_1028_,2
_1029_,7
_0558_,2
_1030_,7
_1032_,2
_1031_,1
_1033_,2
_0557_,2
_1034_,2
_1035_,2
_1036_,3
_1038_,7
_1037_,1
_1039_,2
_0556_,2
_1040_,2
_0730_,2
_0555_,2
_1041_,2
_1042_,3
_1043_,1
_1044_,1
_0729_,2
_0554_,2
_1045_,2
_1046_,2
_0553_,2
_1047_,2
_1048_,2
_1049_,4
_1050_,3
_1051_,1
_1052_,2
_0727_,2
_1053_,7
_1054_,7
_0552_,2
_1056_,7
_1055_,1
_0726_,2
_0551_,2
_1057_,3
_1058_,2
_1059_,1
_1060_,2
_0725_,2
_0550_,2
_1061_,1
_1062_,1
_1063_,2
_0549_,2
_1064_,4
_1065_,3
_1066_,1
_1067_,1
_1068_,2
_0723_,2
_0548_,2
_1069_,1
_0722_,2
_0547_,2
_1070_,3
_1071_,1
_1072_,2
_0721_,2
_1073_,7
_0546_,2
_1074_,1
_1075_,2
_0720_,2
_0545_,2
_1076_,2
_1077_,3
_1078_,3
_1079_,3
_1080_,2
_1081_,1
_1082_,1
_1083_,2
_0544_,2
_1085_,2
_1084_,1
_1086_,2
_0543_,2
_1087_,3
_1088_,1
_1089_,2
_0717_,2
_0542_,2
_1090_,2
_0716_,2
_0541_,2
_1091_,4
_1092_,3
_1093_,2
_1094_,1
_0715_,2
_1095_,7
_0540_,2
_1096_,1
_0714_,2
_0539_,2
_1097_,2
_1098_,1
_1099_,1
_1100_,2
_0713_,2
_0538_,2
_1101_,2
_0712_,2
_0537_,2
_1102_,3
_1103_,2
_1104_,2
_1105_,1
_1106_,2
_0536_,2
_1107_,1
_1108_,1
_1109_,2
_0535_,2
_1111_,2
_1112_,2
_1110_,1
_1113_,1
_1114_,2
_0709_,2
_1115_,7
_0534_,2
_1116_,1
_1117_,1
_1118_,2
_0533_,2
_1119_,2
_1120_,1
_1121_,1
_1122_,2
_0532_,2
_1123_,2
_1124_,1
_1125_,2
_0531_,2
_1127_,2
_1126_,1
_1128_,2
_0530_,2
_1129_,2
_0529_,2
_1130_,4
_1131_,7
_1132_,7
_1133_,2
_1134_,7
_1135_,7
_0026_,2
_0703_,2
_1136_,7
_0528_,2
_0025_,2
_0702_,2
_0527_,2
_0023_,2
_0701_,2
_0526_,2
_0022_,2
_0700_,2
_0525_,2
_0021_,2
_0699_,2
_0524_,2
_0020_,2
_0698_,2
_0523_,2
_1140_,7
_1142_,7
_0019_,2
_0697_,2
_1143_,7
_0522_,2
_0018_,2
_0696_,2
_0521_,2
_0017_,2
_0695_,2
_0520_,2
_0016_,2
_0694_,2
_0519_,2
_0015_,2
_0693_,2
_0518_,2
_0014_,2
_0692_,2
_0517_,2
_1148_,7
_1149_,7
_0012_,2
_0691_,2
_1150_,7
_1151_,7
_0516_,2
_0011_,2
_0690_,2
_0515_,2
_1153_,7
_0010_,2
_0689_,2
_0514_,2
_0009_,2
_0688_,2
_0513_,2
_0008_,2
_0687_,2
_0512_,2
_0007_,2
_0686_,2
_0511_,2
_1156_,7
_1158_,7
_0006_,2
_0685_,2
_1159_,7
_0510_,2
_0005_,2
_0684_,2
_0509_,2
_0004_,2
_0683_,2
_0508_,2
_0003_,2
_0682_,2
_0507_,2
_1162_,7
_0033_,2
_0681_,2
_0506_,2
_0032_,2
_0680_,2
_0505_,2
_1163_,7
_1165_,7
_0031_,2
_0679_,2
_1166_,7
_0504_,2
_0030_,2
_0678_,2
_0503_,2
_0029_,2
_0677_,2
_0502_,2
_0028_,2
_0676_,2
_0501_,2
_0027_,2
_0675_,2
_0500_,2
_0024_,2
_0674_,2
_0499_,2
_0013_,2
_0673_,2
_1170_,7
_0498_,2
_0002_,2
_0672_,2
_0497_,2
_1171_,4
_1172_,7
_1173_,7
_1174_,2
_1175_,7
_1176_,7
_0058_,2
_0671_,2
_0496_,2
_0057_,2
_0670_,2
_0495_,2
_0055_,2
_0669_,2
_0494_,2
_0054_,2
_0668_,2
_0493_,2
_0053_,2
_0667_,2
_1177_,7
_0492_,2
_0052_,2
_0666_,2
_0491_,2
_1178_,7
_1179_,7
_0051_,2
_0665_,2
_0490_,2
_0050_,2
_0664_,2
_0489_,2
_0049_,2
_0663_,2
_0488_,2
_0048_,2
_0662_,2
_0487_,2
_0047_,2
_0661_,2
_1180_,7
_0486_,2
_0046_,2
_0660_,2
_0485_,2
_1181_,7
_1182_,7
_0044_,2
_0659_,2
_0484_,2
_0043_,2
_0658_,2
_0483_,2
_0042_,2
_0657_,2
_0482_,2
_0041_,2
_0656_,2
_0481_,2
_0040_,2
_0655_,2
_1183_,7
_1184_,7
_0480_,2
_0039_,2
_0654_,2
_0479_,2
_1185_,7
_1186_,7
_0038_,2
_0653_,2
_0478_,2
_0037_,2
_0652_,2
_0477_,2
_0036_,2
_0651_,2
_0476_,2
_0035_,2
_0650_,2
_0475_,2
_0065_,2
_0649_,2
_1187_,7
_0474_,2
_0064_,2
_0648_,2
_0473_,2
_1188_,7
_1189_,7
_0063_,2
_0647_,2
_0472_,2
_0062_,2
_0646_,2
_0471_,2
_0061_,2
_0645_,2
_0470_,2
_0060_,2
_0644_,2
_0469_,2
_0059_,2
_0643_,2
_1190_,7
_0468_,2
_0056_,2
_0642_,2
_0467_,2
_0045_,2
_0641_,2
_0466_,2
_0034_,2
_0640_,2
_0465_,2
_0365_,32
_1192_,2
_1193_,2
_1194_,2
_1195_,2
_1196_,2
_1197_,2
_1198_,2
_1199_,2
_1200_,2
_1201_,2
_1202_,2
_1203_,3
_1204_,1
_1205_,2
_0639_,2
_0464_,2
_0638_,2
_0463_,2
_0637_,2
_1206_,7
_0462_,2
_0636_,2
_0461_,2
_0635_,2
_0460_,2
_0634_,2
_0459_,2
_0633_,2
_0458_,2
_0632_,2
_0457_,2
net193,2
_0631_,2
_1207_,7
_0456_,2
_1208_,2
_0455_,2
net195,2
_0454_,2
_0628_,2
_0453_,2
net220,2
_0627_,2
_0452_,2
net219,2
_0626_,2
_0451_,2
net217,2
_0625_,2
_1209_,7
_0450_,2
net216,2
_0624_,2
_0449_,2
_1210_,7
_1211_,7
net215,2
_0623_,2
_0448_,2
net214,2
_0622_,2
_0447_,2
net213,2
_0621_,2
_0446_,2
net212,2
_0620_,2
_0445_,2
net211,2
_0619_,2
_1212_,7
_0444_,2
net210,2
_0618_,2
_0443_,2
_1213_,7
_1214_,7
net209,2
_0617_,2
_0442_,2
net208,2
_0616_,2
_0441_,2
net206,2
_0615_,2
_0440_,2
net205,2
_0614_,2
_0439_,2
net204,2
_0613_,2
_1215_,7
_0438_,2
net203,2
_0612_,2
_0437_,2
_1216_,7
_1217_,7
net202,2
_0611_,2
_0436_,2
net201,2
_0610_,2
_0435_,2
net200,2
_0609_,2
_0434_,2
net199,2
_0608_,2
_0433_,2
net198,2
_0607_,2
_1218_,7
_0432_,2
net197,2
_0606_,2
_0431_,2
_1219_,7
_1220_,7
net227,2
_0605_,2
_0430_,2
net226,2
_0604_,2
_0429_,2
net225,2
_0603_,2
_0428_,2
net224,2
_0602_,2
_0427_,2
net223,2
_0601_,2
_1221_,7
_0426_,2
net222,2
_0600_,2
_0425_,2
net221,2
_0599_,2
_0424_,2
net218,2
_0598_,2
_0423_,2
net207,2
_0597_,2
_0422_,2
net196,2
_0596_,2
_0421_,2
_0420_,2
_0419_,2
_0418_,2
_0417_,2
_1222_,2
net188,2
net65,2
_1224_,4
_1227_,7
net153,2
_1229_,3
net118,2
_1234_,2
_1223_,1
_1228_,1
_0372_,2
_1238_,4
_0373_,3
_1240_,5
_1239_,2
_1242_,5
_1243_,5
net189,2
net104,2
net154,2
net119,2
_1246_,2
_1244_,1
_1245_,1
_0376_,2
_1247_,6
_1248_,2
_1249_,3
_1250_,2
_1251_,3
_0377_,4
_1252_,4
_0378_,4
_1254_,3
_0380_,4
_1257_,4
net190,2
net115,2
net155,2
net120,2
_1260_,2
_1258_,1
_1259_,1
_0383_,2
_1261_,3
_1263_,4
_1265_,4
_1266_,3
_0384_,4
_1267_,4
_1268_,4
_0385_,3
_1270_,2
_1271_,4
_0386_,2
_1272_,4
_0387_,3
_1273_,2
_1274_,2
_1275_,3
_0388_,2
net191,2
net126,2
net156,2
net121,2
_1278_,2
_1276_,1
_1277_,1
_0390_,2
_1279_,6
_1281_,4
_1282_,4
_1283_,3
_1284_,4
_0391_,4
_1285_,4
_0392_,3
_1287_,2
_1288_,4
_0393_,2
_1290_,3
_0394_,3
_1292_,2
_1293_,2
_1294_,3
_1291_,2
_0395_,2
net66,2
net137,2
net157,2
_1298_,7
net122,2
_1299_,2
_1295_,1
_1296_,1
_0397_,2
_1300_,6
_1302_,4
_1303_,5
_1301_,4
_1304_,6
_1305_,3
_1306_,5
_0398_,5
_1308_,5
_1307_,2
_1309_,2
_0399_,3
_1311_,2
_1312_,4
_0400_,2
_1314_,4
_0401_,5
_1317_,4
_1318_,2
_1319_,2
_0402_,2
net67,2
net148,2
net158,2
_1322_,7
_1323_,7
net123,2
_1324_,2
_1320_,1
_1321_,1
_0404_,2
_1325_,4
_1326_,3
_1327_,3
_1328_,5
_1329_,3
_1330_,3
_0405_,3
_1331_,3
_1332_,4
_1333_,3
_0406_,3
_1335_,2
_1336_,4
_0407_,2
_0408_,3
_1337_,2
_1338_,2
_1339_,4
_1340_,3
_0409_,2
net68,2
net159,2
_1342_,7
net160,2
net124,2
_1344_,2
_1341_,1
_1343_,1
_0411_,2
_1345_,5
_1346_,5
_1347_,5
_1349_,1
_1350_,3
_1351_,4
_1352_,3
_0412_,5
_1353_,5
_1355_,2
_1354_,2
_1356_,2
_1357_,4
_0413_,3
_1359_,2
_1360_,4
_0414_,2
_1362_,2
_1363_,4
_0415_,5
_1366_,4
_1367_,2
_1368_,2
_0416_,2
net69,2
net170,2
net161,2
net125,2
_1371_,2
_1369_,1
_1370_,1
_0067_,2
_1373_,3
_1374_,5
_1375_,4
_1377_,3
_1378_,3
_0068_,3
_1379_,2
_1380_,2
_1381_,3
_1382_,2
_0069_,3
_1384_,2
_1385_,5
net321,2
_0070_,2
_0071_,3
_1386_,2
_1387_,2
_1388_,4
_1389_,3
_0072_,2
net70,2
net181,2
net162,2
net127,2
_1392_,2
_1390_,1
_1391_,1
_0074_,2
_1393_,3
_1394_,2
_1395_,2
_1396_,7
_1398_,5
_1399_,6
_1400_,3
_1401_,3
_1402_,2
_1403_,2
_1404_,5
_0075_,5
_1405_,4
_1406_,3
_1407_,2
_0076_,3
net322,2
_1409_,3
net323,2
_1410_,2
_0077_,2
_1413_,2
_1414_,4
_0078_,5
_1417_,4
_1418_,3
_1419_,2
_0079_,2
net71,2
net192,2
net163,2
net128,2
_1422_,2
_1420_,1
_1421_,1
_0081_,2
_1423_,4
_1424_,3
_1425_,3
_1426_,5
_1428_,3
_1429_,3
_0082_,3
_1430_,4
_1431_,4
_1432_,2
_0083_,4
_1434_,4
net311,2
_0085_,6
_1437_,2
_1438_,4
_1439_,4
_0086_,2
net72,2
net76,2
net164,2
_1442_,7
net129,2
_1443_,2
_1440_,1
_1441_,1
_0088_,2
_1446_,5
_1447_,5
_1448_,1
_1449_,3
_1450_,4
_0089_,5
_1452_,6
_1453_,3
_1454_,3
_1451_,2
_0090_,3
_1456_,2
_1457_,4
net312,2
net319,2
_0091_,2
_0092_,4
_1460_,2
_1461_,5
_1462_,4
_0093_,2
net73,2
net87,2
net165,2
_1465_,7
_1466_,7
net130,2
_1467_,2
_1463_,1
_1464_,1
_0095_,2
_1468_,5
_1469_,5
_1470_,4
_1471_,3
_1472_,3
_0096_,5
_1473_,5
_1474_,2
_0097_,3
_1476_,2
_1477_,6
net320,2
net278,2
_0098_,2
_0099_,5
_1480_,4
_1481_,3
net326,3
_0100_,2
net74,2
net96,2
_1483_,7
net166,2
net131,2
_1485_,2
_1482_,1
_1484_,1
_0102_,2
_1488_,5
_1489_,6
_1490_,3
_1491_,3
_1493_,2
_1494_,3
_1495_,5
_1496_,3
_0103_,5
_1497_,6
_1498_,3
_1499_,2
_1500_,1
_1501_,2
_1502_,3
_1503_,4
_1504_,3
_1506_,4
net279,2
net280,2
_1507_,2
_0105_,2
_0106_,4
_1508_,2
_1511_,6
_1512_,2
net327,2
_1513_,3
_1514_,2
_1515_,2
_1516_,2
_1517_,3
_1518_,4
net75,2
net97,2
net167,2
net132,2
_1521_,2
_1519_,1
_1520_,1
_0109_,2
_1522_,4
_1524_,3
_1525_,3
_1526_,5
_1527_,3
_1528_,3
_0110_,3
_1529_,3
_1530_,4
_1531_,2
_0111_,4
_0104_,2
_1533_,2
_1534_,3
_0113_,4
_1536_,3
_1537_,5
_1538_,3
_0114_,2
net77,2
net98,2
net168,2
net133,2
_1541_,2
_1539_,1
_1540_,1
_0116_,2
_1543_,5
_1544_,5
_1545_,5
_1546_,1
_1547_,3
_1548_,4
_0117_,6
_1550_,1
_1551_,5
_1553_,2
_1552_,3
_1554_,2
_1555_,4
_1549_,2
_0118_,4
_1558_,4
_1557_,1
net294,2
_0120_,4
_1559_,3
_1562_,5
_1563_,2
_1564_,3
net78,2
net99,2
net169,2
net134,2
_1567_,2
_1565_,1
_1566_,1
_0123_,2
_1568_,3
_1569_,3
_1570_,2
_1571_,2
_1572_,4
_1573_,3
_1574_,3
_0124_,3
_1575_,2
_1576_,2
_1577_,3
_1578_,2
_0125_,3
_1580_,2
_1581_,6
net295,2
net274,2
_0126_,2
_0127_,3
_1582_,3
_1584_,4
_1585_,2
_0128_,2
net79,2
net100,2
net171,2
_1588_,7
net135,2
_1589_,2
_1586_,1
_1587_,1
_0130_,2
_1590_,3
_1591_,3
_1592_,2
_1593_,2
_1594_,6
_1596_,5
_1597_,6
_1598_,3
_1599_,2
_1600_,2
_1601_,2
_1602_,2
_1603_,5
_0131_,5
_1605_,5
_1604_,2
_1606_,2
_0132_,4
net276,2
_1608_,2
net275,2
_1609_,2
_0133_,2
_1612_,2
_1613_,1
_1614_,2
_1615_,2
_1616_,2
_1610_,1
_1611_,1
_1617_,5
_0134_,5
_1621_,4
_1618_,2
_1622_,2
_0135_,2
net80,2
net101,2
net172,2
_1625_,7
_1626_,7
net136,2
_1627_,2
_1623_,1
_1624_,1
_0137_,2
_1628_,4
_1629_,3
_1630_,3
_1631_,5
_1633_,3
_1634_,3
_0138_,3
_1635_,3
_1636_,4
_1637_,3
_0139_,4
net277,2
_1639_,2
_1640_,3
_0141_,6
_1643_,2
_1644_,4
_1645_,4
_0142_,2
net81,2
net102,2
_1647_,7
net173,2
net138,2
_1649_,2
_1646_,1
_1648_,1
_0144_,2
_1652_,5
_1653_,5
_1654_,1
_1655_,3
_1656_,4
_0145_,5
_1658_,5
_1660_,2
_1659_,2
_1661_,2
_1662_,4
_1657_,2
_0146_,4
_1665_,4
_1664_,1
net282,2
_0148_,4
_1668_,2
_1669_,5
_1670_,4
_0149_,2
net82,2
net103,2
net174,2
net139,2
_1673_,2
_1671_,1
_1672_,1
_0151_,2
_1674_,3
_1675_,5
_1676_,4
_1677_,3
_1678_,3
_0152_,5
_1679_,1
_1680_,4
_1681_,2
_0153_,3
_1683_,2
_1684_,4
net283,2
net324,2
_0154_,2
_0155_,5
_1687_,5
_1688_,3
_0156_,2
net83,2
net105,2
net175,2
net140,2
_1691_,2
_1689_,1
_1690_,1
_0158_,2
_1693_,2
_1694_,5
_1695_,6
_1696_,3
_1697_,3
_1699_,2
_1700_,3
_1701_,5
_1702_,3
_1703_,3
_1704_,4
_1705_,2
_1706_,4
_0159_,5
_1707_,4
_1708_,3
_1709_,3
_0160_,3
_1711_,2
_1712_,4
net325,2
_0161_,2
_0162_,4
_1713_,2
_1716_,6
_1717_,2
_1718_,3
_1719_,2
_1720_,2
_1721_,2
_1722_,3
_1723_,4
net84,2
net106,2
net176,2
net141,2
_1726_,2
_1724_,1
_1725_,1
_0165_,2
_1727_,2
_1729_,3
_1731_,3
_1732_,5
_1733_,3
_1734_,3
_0166_,3
_1735_,3
_1736_,5
_1737_,3
_0167_,3
_1739_,2
_1740_,4
net313,2
_0168_,2
_0169_,4
_1742_,3
_1743_,5
_1744_,3
_0170_,2
net85,2
net107,2
net177,2
net142,2
_1748_,2
_1745_,1
_1746_,1
_0172_,2
_1751_,5
_1752_,5
_1753_,1
_1754_,3
_1755_,4
_0173_,5
_1757_,6
_1758_,2
_1759_,2
_1760_,1
_1761_,3
_1756_,2
_0174_,3
_1763_,2
net314,2
net270,2
_0175_,2
_0176_,4
_1765_,3
_1768_,5
_1769_,2
_1770_,3
net86,2
net108,2
net178,2
net143,2
_1775_,2
_1771_,1
_1772_,1
_0179_,2
_1777_,3
_1778_,2
_1779_,2
_1780_,4
_1781_,3
_1782_,3
_0180_,3
_1783_,2
_1784_,2
_1785_,3
_1786_,2
_0181_,4
_1764_,3
net269,2
net260,2
_0183_,3
_1789_,3
_1791_,4
_1792_,2
_0184_,2
net88,2
net109,2
net179,2
net144,2
_1796_,2
_1793_,1
_1795_,1
_0186_,2
_1797_,3
_1798_,3
_1799_,2
_1800_,2
_1804_,5
_1806_,3
_1807_,2
_1808_,3
_1809_,2
_1810_,2
_0187_,5
_1812_,2
_1814_,2
_0188_,4
net261,2
_1816_,2
net262,2
_1817_,2
_0189_,2
_1820_,2
_1821_,1
_1822_,2
_1823_,2
_1824_,2
_1818_,1
_1819_,1
_0190_,3
net89,2
net110,2
net180,2
net145,2
_1832_,2
_1830_,1
_1831_,1
_0193_,2
_1833_,2
_1835_,3
_1837_,3
_1839_,3
_1840_,3
_0194_,3
_1841_,3
_1842_,4
_1843_,3
_0195_,4
_0198_,2
net90,2
net111,2
net182,2
net146,2
_1854_,2
_1852_,1
_1853_,1
_0200_,2
_1858_,1
_1861_,3
_1864_,2
_0240_,1
net1,2
_0244_,1
net12,2
net23,2
net26,2
net27,2
net28,2
net29,2
net30,2
net31,2
net32,2
net2,2
net3,2
_0288_,1
net4,2
net5,2
_0296_,1
net6,2
net7,2
net8,2
net9,2
net10,2
net11,2
_0320_,1
net13,2
net14,2
_0328_,1
net15,2
net16,2
_0336_,1
net17,2
net18,2
_0344_,1
net19,2
net20,2
_0352_,1
net21,2
net22,2
_0360_,1
net24,2
net25,2
_0374_,1
net33,2
_0381_,1
net44,2
net55,2
net58,2
net59,2
net60,2
net61,2
net62,2
net63,2
net64,2
net34,2
net35,2
_0107_,1
net36,2
net37,2
_0121_,1
net38,2
net39,2
net40,2
net41,2
net42,2
net43,2
_0163_,1
net45,2
net46,2
_0177_,1
net47,2
net48,2
_0191_,1
net49,2
net50,2
_0205_,1
net51,2
net52,2
_0219_,1
net53,2
net54,2
_0233_,1
net56,2
net57,2
_0293_,1
_0290_,1
_0306_,1
_0309_,1
_0354_,1
_0346_,1
_0330_,1
_0338_,1
_0325_,1
_0277_,1
_0274_,1
_0242_,1
_0234_,1
net95,2
_0371_,32
_0227_,1
_0224_,1
_0220_,1
_0213_,1
_0210_,1
_0206_,1
_0199_,1
_0196_,1
_0192_,1
_0185_,1
_0182_,1
_0178_,1
_0171_,1
_0164_,1
_0157_,1
_0150_,1
_0147_,1
_0143_,1
_0140_,1
_0136_,1
_0129_,1
_0122_,1
_0119_,1
_0115_,1
_0112_,1
_0108_,1
_0101_,1
_0094_,1
_0087_,1
_0084_,1
_0080_,1
_0073_,1
_0066_,1
_0410_,1
_0403_,1
_0396_,1
_0389_,1
_0382_,1
_0379_,1
_0375_,1
_0370_,1
clknet_4_14_0_clock,13
clknet_4_15_0_clock,18
clknet_4_11_0_clock,13
clknet_4_9_0_clock,10
clknet_4_12_0_clock,23
clknet_4_4_0_clock,8
clknet_4_6_0_clock,10
clknet_4_13_0_clock,14
_0629_,1
_0630_,1
clknet_4_10_0_clock,10
clknet_4_8_0_clock,14
clknet_4_2_0_clock,8
clknet_4_3_0_clock,11
clknet_4_0_0_clock,15
clknet_4_1_0_clock,10
clknet_4_5_0_clock,11
_0704_,1
_0705_,1
_0706_,1
_0707_,1
_0708_,1
_0710_,1
_0711_,1
_0718_,1
_0719_,1
clknet_4_7_0_clock,7
_0724_,1
_0728_,1
_0731_,1
_0732_,1
_0733_,1
clock,1
clknet_0_clock,17
data_in1[0],1
data_in1[18],1
key_in[16],1
key_in[17],1
key_in[18],1
key_in[19],1
key_in[1],1
key_in[20],1
key_in[21],1
key_in[22],1
key_in[23],1
key_in[24],1
data_in1[19],1
key_in[25],1
key_in[26],1
key_in[27],1
key_in[28],1
key_in[29],1
key_in[2],1
key_in[30],1
key_in[31],1
key_in[32],1
key_in[33],1
data_in1[1],1
key_in[34],1
key_in[35],1
key_in[36],1
key_in[37],1
key_in[38],1
key_in[39],1
key_in[3],1
key_in[40],1
key_in[41],1
key_in[42],1
data_in1[20],1
key_in[43],1
key_in[44],1
key_in[45],1
key_in[46],1
key_in[47],1
key_in[48],1
key_in[49],1
key_in[4],1
key_in[50],1
key_in[51],1
data_in1[21],1
key_in[52],1
key_in[53],1
key_in[54],1
key_in[55],1
key_in[56],1
key_in[57],1
key_in[58],1
key_in[59],1
key_in[5],1
key_in[60],1
data_in1[22],1
key_in[61],1
key_in[62],1
key_in[63],1
key_in[64],1
key_in[65],1
key_in[66],1
key_in[67],1
key_in[68],1
key_in[69],1
key_in[6],1
data_in1[23],1
key_in[70],1
key_in[71],1
key_in[72],1
key_in[73],1
key_in[74],1
key_in[75],1
key_in[76],1
key_in[77],1
key_in[78],1
key_in[79],1
data_in1[24],1
key_in[7],1
key_in[80],1
key_in[81],1
key_in[82],1
key_in[83],1
key_in[84],1
key_in[85],1
key_in[86],1
key_in[87],1
key_in[88],1
data_in1[25],1
key_in[89],1
key_in[8],1
key_in[90],1
key_in[91],1
key_in[92],1
key_in[93],1
key_in[94],1
key_in[95],1
key_in[96],1
key_in[97],1
data_in1[26],1
key_in[98],1
key_in[99],1
key_in[9],1
mode,1
reset,1
data_in1[10],1
data_in1[27],1
data_in1[28],1
data_in1[29],1
data_in1[2],1
data_in1[30],1
data_in1[31],1
data_in1[3],1
data_in1[4],1
data_in1[5],1
data_in1[6],1
data_in1[11],1
data_in1[7],1
data_in1[8],1
data_in1[9],1
data_in2[0],1
data_in2[10],1
data_in2[11],1
data_in2[12],1
data_in2[13],1
data_in2[14],1
data_in2[15],1
data_in1[12],1
data_in2[16],1
data_in2[17],1
data_in2[18],1
data_in2[19],1
data_in2[1],1
data_in2[20],1
data_in2[21],1
data_in2[22],1
data_in2[23],1
data_in2[24],1
data_in1[13],1
data_in2[25],1
data_in2[26],1
data_in2[27],1
data_in2[28],1
data_in2[29],1
data_in2[2],1
data_in2[30],1
data_in2[31],1
data_in2[3],1
data_in2[4],1
data_in1[14],1
data_in2[5],1
data_in2[6],1
data_in2[7],1
data_in2[8],1
data_in2[9],1
key_in[0],1
key_in[100],1
key_in[101],1
key_in[102],1
key_in[103],1
data_in1[15],1
key_in[104],1
key_in[105],1
key_in[106],1
key_in[107],1
key_in[108],1
key_in[109],1
key_in[10],1
key_in[110],1
key_in[111],1
key_in[112],1
data_in1[16],1
key_in[113],1
key_in[114],1
key_in[115],1
key_in[116],1
key_in[117],1
key_in[118],1
key_in[119],1
key_in[11],1
key_in[120],1
key_in[121],1
data_in1[17],1
key_in[122],1
key_in[123],1
key_in[124],1
key_in[125],1
key_in[126],1
key_in[127],1
key_in[12],1
key_in[13],1
key_in[14],1
key_in[15],1
all_done,1
data_out1[0],1
data_out1[10],1
data_out1[11],1
data_out1[12],1
data_out1[13],1
data_out1[14],1
data_out1[15],1
data_out1[16],1
data_out1[17],1
data_out1[18],1
data_out1[19],1
data_out1[1],1
data_out1[20],1
data_out1[21],1
data_out1[22],1
data_out1[23],1
data_out1[24],1
data_out1[25],1
data_out1[26],1
data_out1[27],1
data_out1[28],1
data_out1[29],1
data_out1[2],1
data_out1[30],1
data_out1[31],1
data_out1[3],1
data_out1[4],1
data_out1[5],1
data_out1[6],1
data_out1[7],1
data_out1[8],1
data_out1[9],1
data_out2[0],1
data_out2[10],1
data_out2[11],1
data_out2[12],1
data_out2[13],1
data_out2[14],1
data_out2[15],1
data_out2[16],1
data_out2[17],1
data_out2[18],1
data_out2[19],1
data_out2[1],1
data_out2[20],1
data_out2[21],1
data_out2[22],1
data_out2[23],1
data_out2[24],1
data_out2[25],1
data_out2[26],1
data_out2[27],1
data_out2[28],1
data_out2[29],1
data_out2[2],1
data_out2[30],1
data_out2[31],1
data_out2[3],1
data_out2[4],1
data_out2[5],1
data_out2[6],1
data_out2[7],1
data_out2[8],1
data_out2[9],1
net266,2
net271,2
net272,2
net273,2
net286,2
net296,2
net267,2
net287,2
net288,2
net289,2
net290,2
net291,2
net292,2
net293,2
net297,2
net298,2
net299,2
net300,2
net301,2
net302,2
net303,2
net316,2
net317,2
net318,3
net268,2
